../../../../tsi/data_education/fil_rouge_Airbus_2025/dynamic_earth_net/planet.33S/planet/33S/12E-375N/4397_4302_13/PF-SR,../../../../tsi/data_education/fil_rouge_Airbus_2025/dynamic_earth_net/planet.18N/planet/18N/24E-187N/2415_3082_13/PF-SR,../../../../tsi/data_education/fil_rouge_Airbus_2025/dynamic_earth_net/planet.21S/planet/21S/27E-362N/2832_4366_13/PF-SR,../../../../tsi/data_education/fil_rouge_Airbus_2025/dynamic_earth_net/planet.36N/planet/36N/19E-115N/4838_3506_13/PF-SR,../../../../tsi/data_education/fil_rouge_Airbus_2025/dynamic_earth_net/planet.50N/planet/50N/19E-182N/6752_3115_13/PF-SR,../../../../tsi/data_education/fil_rouge_Airbus_2025/dynamic_earth_net/planet.36N/planet/36N/22E-1N/4856_4087_13/PF-SR,../../../../tsi/data_education/fil_rouge_Airbus_2025/dynamic_earth_net/planet.44N/planet/44N/30E-106N/5989_3554_13/PF-SR,../../../../tsi/data_education/fil_rouge_Airbus_2025/dynamic_earth_net/planet.21S/planet/21S/31E-407N/2850_4139_13/PF-SR,../../../../tsi/data_education/fil_rouge_Airbus_2025/dynamic_earth_net/planet.36N/planet/36N/9E-35N/4791_3920_13/PF-SR,../../../../tsi/data_education/fil_rouge_Airbus_2025/dynamic_earth_net/planet.36N/planet/36N/9E-138N/4780_3377_13/PF-SR,../../../../tsi/data_education/fil_rouge_Airbus_2025/dynamic_earth_net/planet.48N/planet/48N/17E-138N/6466_3380_13/PF-SR,../../../../tsi/data_education/fil_rouge_Airbus_2025/dynamic_earth_net/planet.22S/planet/22S/34E-380N/3002_4273_13/PF-SR,../../../../tsi/data_education/fil_rouge_Airbus_2025/dynamic_earth_net/planet.49N/planet/49N/33E-124N/6688_3456_13/PF-SR,../../../../tsi/data_education/fil_rouge_Airbus_2025/dynamic_earth_net/planet.31N/planet/31N/21E-30N/4169_3944_13/PF-SR,../../../../tsi/data_education/fil_rouge_Airbus_2025/dynamic_earth_net/planet.48N/planet/48N/17E-141N/6468_3360_13/PF-SR,../../../../tsi/data_education/fil_rouge_Airbus_2025/dynamic_earth_net/planet.50S/planet/50S/34E-412N/6824_4117_13/PF-SR,../../../../tsi/data_education/fil_rouge_Airbus_2025/dynamic_earth_net/planet.47N/planet/47N/27E-82N/6381_3681_13/PF-SR,../../../../tsi/data_education/fil_rouge_Airbus_2025/dynamic_earth_net/planet.13N/planet/13N/19E-184N/1700_3100_13/PF-SR,../../../../tsi/data_education/fil_rouge_Airbus_2025/dynamic_earth_net/planet.33N/planet/33N/17E-59N/4421_3800_13/PF-SR,../../../../tsi/data_education/fil_rouge_Airbus_2025/dynamic_earth_net/planet.20S/planet/20S/13E-372N/2624_4314_13/PF-SR,../../../../tsi/data_education/fil_rouge_Airbus_2025/dynamic_earth_net/planet.36N/planet/36N/13E-100N/4806_3588_13/PF-SR,../../../../tsi/data_education/fil_rouge_Airbus_2025/dynamic_earth_net/planet.56S/planet/56S/10E-251N/7513_4968_13/PF-SR,../../../../tsi/data_education/fil_rouge_Airbus_2025/dynamic_earth_net/planet.48N/planet/48N/19E-141N/6475_3361_13/PF-SR,../../../../tsi/data_education/fil_rouge_Airbus_2025/dynamic_earth_net/planet.11N/planet/11N/30E-146N/1487_3335_13/PF-SR,../../../../tsi/data_education/fil_rouge_Airbus_2025/dynamic_earth_net/planet.50N/planet/50N/30E-120N/6810_3478_13/PF-SR,../../../../tsi/data_education/fil_rouge_Airbus_2025/dynamic_earth_net/planet.15N/planet/15N/25E-155N/2006_3280_13/PF-SR,../../../../tsi/data_education/fil_rouge_Airbus_2025/dynamic_earth_net/planet.19S/planet/19S/11E-241N/2470_5030_13/PF-SR,../../../../tsi/data_education/fil_rouge_Airbus_2025/dynamic_earth_net/planet.33N/planet/33N/18E-52N/4426_3835_13/PF-SR,../../../../tsi/data_education/fil_rouge_Airbus_2025/dynamic_earth_net/planet.60S/planet/60S/13E-245N/8077_5007_13/PF-SR,../../../../tsi/data_education/fil_rouge_Airbus_2025/dynamic_earth_net/planet.30N/planet/30N/16E-197N/3998_3016_13/PF-SR,../../../../tsi/data_education/fil_rouge_Airbus_2025/dynamic_earth_net/planet.36N/planet/36N/26E-144N/4881_3344_13/PF-SR,../../../../tsi/data_education/fil_rouge_Airbus_2025/dynamic_earth_net/planet.50N/planet/50N/15E-129N/6730_3430_13/PF-SR,../../../../tsi/data_education/fil_rouge_Airbus_2025/dynamic_earth_net/planet.11N/planet/11N/18E-155N/1417_3281_13/PF-SR,../../../../tsi/data_education/fil_rouge_Airbus_2025/dynamic_earth_net/planet.43N/planet/43N/32E-59N/5863_3800_13/PF-SR,../../../../tsi/data_education/fil_rouge_Airbus_2025/dynamic_earth_net/planet.10N/planet/10N/23E-188N/1311_3077_13/PF-SR,../../../../tsi/data_education/fil_rouge_Airbus_2025/dynamic_earth_net/planet.38N/planet/38N/22E-9N/5125_4049_13/PF-SR,../../../../tsi/data_education/fil_rouge_Airbus_2025/dynamic_earth_net/planet.32N/planet/32N/8E-25N/4240_3972_13/PF-SR,../../../../tsi/data_education/fil_rouge_Airbus_2025/dynamic_earth_net/planet.16N/planet/16N/11E-89N/2065_3647_13/PF-SR,../../../../tsi/data_education/fil_rouge_Airbus_2025/dynamic_earth_net/planet.31N/planet/31N/30E-161N/4223_3246_13/PF-SR,../../../../tsi/data_education/fil_rouge_Airbus_2025/dynamic_earth_net/planet.32N/planet/32N/14E-212N/4254_2915_13/PF-SR,../../../../tsi/data_education/fil_rouge_Airbus_2025/dynamic_earth_net/planet.54N/planet/54N/22E-198N/7312_3008_13/PF-SR,../../../../tsi/data_education/fil_rouge_Airbus_2025/dynamic_earth_net/planet.15N/planet/15N/30E-66N/2029_3764_13/PF-SR,../../../../tsi/data_education/fil_rouge_Airbus_2025/dynamic_earth_net/planet.20N/planet/20N/27E-76N/2697_3715_13/PF-SR,../../../../tsi/data_education/fil_rouge_Airbus_2025/dynamic_earth_net/planet.35S/planet/35S/32E-409N/4768_4131_13/PF-SR,../../../../tsi/data_education/fil_rouge_Airbus_2025/dynamic_earth_net/planet.44N/planet/44N/18E-76N/5926_3715_13/PF-SR,../../../../tsi/data_education/fil_rouge_Airbus_2025/dynamic_earth_net/planet.50N/planet/50N/30E-149N/6813_3313_13/PF-SR,../../../../tsi/data_education/fil_rouge_Airbus_2025/dynamic_earth_net/planet.19S/planet/19S/21E-313N/2528_4620_13/PF-SR,../../../../tsi/data_education/fil_rouge_Airbus_2025/dynamic_earth_net/planet.34N/planet/34N/28E-175N/4622_3159_13/PF-SR,../../../../tsi/data_education/fil_rouge_Airbus_2025/dynamic_earth_net/planet.31N/planet/31N/15E-201N/4127_2991_13/PF-SR,../../../../tsi/data_education/fil_rouge_Airbus_2025/dynamic_earth_net/planet.17N/planet/17N/9E-42N/2196_3885_13/PF-SR,../../../../tsi/data_education/fil_rouge_Airbus_2025/dynamic_earth_net/planet.34N/planet/34N/17E-147N/4553_3325_13/PF-SR,../../../../tsi/data_education/fil_rouge_Airbus_2025/dynamic_earth_net/planet.43N/planet/43N/11E-97N/5754_3601_13/PF-SR,../../../../tsi/data_education/fil_rouge_Airbus_2025/dynamic_earth_net/planet.50N/planet/50N/19E-184N/6752_3104_13/PF-SR,../../../../tsi/data_education/fil_rouge_Airbus_2025/dynamic_earth_net/planet.22S/planet/22S/34E-380N/3002_4273_13/PF-SR,../../../../tsi/data_education/fil_rouge_Airbus_2025/dynamic_earth_net/planet.35N/planet/35N/16E-278N/4666_2369_13/PF-SR,../../../../tsi/data_education/fil_rouge_Airbus_2025/dynamic_earth_net/planet.15N/planet/15N/19E-77N/1973_3709_13/PF-SR,../../../../tsi/data_education/fil_rouge_Airbus_2025/dynamic_earth_net/planet.29N/planet/29N/8E-36N/3830_3914_13/PF-SR,../../../../tsi/data_education/fil_rouge_Airbus_2025/dynamic_earth_net/planet.10N/planet/10N/19E-211N/1286_2921_13/PF-SR,../../../../tsi/data_education/fil_rouge_Airbus_2025/dynamic_earth_net/planet.49N/planet/49N/31E-102N/6678_3579_13/PF-SR,../../../../tsi/data_education/fil_rouge_Airbus_2025/dynamic_earth_net/planet.43N/planet/43N/26E-52N/5830_3834_13/PF-SR,../../../../tsi/data_education/fil_rouge_Airbus_2025/dynamic_earth_net/planet.39N/planet/39N/10E-136N/5195_3388_13/PF-SR,../../../../tsi/data_education/fil_rouge_Airbus_2025/dynamic_earth_net/planet.44N/planet/44N/15E-32N/5912_3937_13/PF-SR,../../../../tsi/data_education/fil_rouge_Airbus_2025/dynamic_earth_net/planet.15N/planet/15N/25E-155N/2006_3280_13/PF-SR,../../../../tsi/data_education/fil_rouge_Airbus_2025/dynamic_earth_net/planet.10N/planet/10N/26E-183N/1330_3107_13/PF-SR,../../../../tsi/data_education/fil_rouge_Airbus_2025/dynamic_earth_net/planet.34S/planet/34S/10E-393N/4523_4210_13/PF-SR,../../../../tsi/data_education/fil_rouge_Airbus_2025/dynamic_earth_net/planet.30N/planet/30N/27E-30N/4062_3943_13/PF-SR,../../../../tsi/data_education/fil_rouge_Airbus_2025/dynamic_earth_net/planet.19S/planet/19S/29E-333N/2569_4513_13/PF-SR,../../../../tsi/data_education/fil_rouge_Airbus_2025/dynamic_earth_net/planet.21S/planet/21S/19E-299N/2789_4694_13/PF-SR,../../../../tsi/data_education/fil_rouge_Airbus_2025/dynamic_earth_net/planet.47N/planet/47N/21E-86N/6353_3661_13/PF-SR
0.2352139,2.6019032,1.2520428,515.0266,2.6768565,11.58309,5.849427,811.85803,19.901402,NA,24.320875,66.13397,2.650745,9.441093,644.59125,831.49493,3.19042,532.7331,51.773724,2.7209272,728.8081,462.9713,29.782598,2.3785338,618.40356,10.800699,655.27,77.22706,2.8198504,8.446641,532.6807,27.00534,870.9213,7.6209316,6.2514563,3.1453032,0.44845617,4.4653196,299.3734,460.99344,1.3218074,4.0417404,628.2356,324.27435,2.6861548,11.13601,326.97256,555.7692,522.2853,1.4285328,57.30515,58.983097,5.409615,66.13397,1.1647036,509.3518,477.19388,961.71106,40.317894,1.3489082,538.484,350.31403,10.800699,2.1167674,1.779413,6.7412806,5.6794386,810.5814,312.31094
0.49778718,4.2851357,1.5492132,860.4153,753.85956,8.378093,7.5822754,2.6920292,536.56573,NA,3.445073,239.03937,7.65012,466.04764,197.56323,5.5280523,4.2822165,35.835762,18.190228,16.515604,196.29353,1179.289,2.7131493,1.4371123,25.79921,908.42554,545.8063,7.2544956,8.004804,865.6283,951.05493,183.17386,151.46423,11.916789,7.1739244,147.30534,5.10894,467.33444,13.412457,27.274717,3.4074147,149.58707,6.20511,2.1301138,10.556891,745.9306,128.26045,5.612021,16.592686,741.1368,818.4864,738.8101,10.140266,239.03937,1.3795462,671.1953,2.2437372,10.055985,261.13654,202.27713,0.86431617,755.95337,908.42554,1.4713421,1.4481626,390.06403,10.28437,1.2344455,1.7740215
3.2597358226776123,14.00832748413086,284.1417541503906,738.93310546875,570.1046142578125,193.85369873046875,869.8336181640625,1.412355899810791,1.6750236749649048,1.5371365547180176,2.367110252380371,363.9000244140625,8.832523345947266,10.774971961975098,98.8300552368164,378.0428161621094,187.0986785888672,637.4046020507812,1.8705538511276245,8.135466575622559,706.7897338867188,16.554868698120117,28.83281898498535,273.50201416015625,36.44853591918945,2.1740264892578125,821.9287719726562,915.1991577148438,7.550639629364014,692.7074584960938,852.661865234375,8.362478256225586,593.967041015625,24.34773063659668,566.6880493164062,3.3923559188842773,0.6027754545211792,796.30322265625,551.8677368164062,10.995930671691895,2.9953572750091553,84.14837646484375,828.8250732421875,0.9691330790519714,240.88124084472656,522.6530151367188,393.2683410644531,560.9082641601562,178.75018310546875,7.021237373352051,6.980129718780518,689.9945678710938,592.9376831054688,363.9000244140625,569.53955078125,704.0619506835938,2.3799805641174316,167.59326171875,549.0827026367188,150.7395477294922,3.9704010486602783,755.3029174804688,2.1740264892578125,424.37237548828125,1.4153276681900024,3.3623692989349365,5.663682460784912,193.03329467773438,2.0663418769836426
10.3900385,739.1459,1.0896343,684.38556,7.1246285,7.033821,9.501869,1.8887668,0.38503367,NA,4.275866,19.97343,8.262663,13.7161665,423.26315,987.09,818.086,583.57715,1.7259398,325.87714,623.8388,513.0334,846.96436,3.1919775,7.721772,472.91898,66.977974,1.4232967,18.74471,578.96765,562.3751,608.62024,152.98698,23.91036,711.93353,196.08351,186.69089,654.1245,557.7346,11.438136,2.8136032,4.427285,5.99388,1.800803,1.4957932,5.137851,349.99634,5.4679217,534.16205,6.222763,629.0103,73.30284,6.7461443,19.97343,769.73773,344.63284,4.518154,393.41498,772.5157,3.5904703,424.1859,90.89808,472.91898,1.11514,0.83580965,180.62791,2.287809,135.75748,2.2060368
2.1138375,4.3668423,6.187207,4.4155717,863.6991,6.727996,1.705139,2.778588,71.45131,NA,7.608555,8.590955,43.34066,1.5934814,6.722248,39.506786,827.0176,32.571568,4.512063,93.41676,607.40546,74.71964,39.34694,1.1303511,8.164958,600.01154,503.4523,2.81029,12.55008,131.13231,497.74902,732.82043,37.59739,300.4154,355.9698,640.0132,1.2499409,671.7587,360.7024,1211.9751,3.6726708,3.236958,704.7641,442.76178,1.4032193,11.358076,562.719,98.030266,13.62385,3.1103406,709.69366,6.399415,19.080034,8.590955,407.5928,13.274175,1.5121397,8.310839,11.338984,3.5511556,166.1379,13.424442,600.01154,1.1867108,1.2218755,5.210913,10.565708,777.40894,0.960118
9.892178535461426,10.732146263122559,4.097808361053467,90.4244384765625,909.6032104492188,15.550893783569336,1.4788678884506226,2.784088611602783,14.876739501953125,0.21629495918750763,47.28995132446289,17.33892822265625,3.9773457050323486,8.444669723510742,87.94424438476562,637.1433715820312,41.725128173828125,4.656521797180176,1.0964927673339844,7.0583672523498535,559.7687377929688,3.5237679481506348,770.2161254882812,3.125530958175659,32.17210388183594,252.73556518554688,10.287930488586426,169.45382690429688,730.9052124023438,7.714691638946533,636.673828125,401.0763244628906,8.322954177856445,2.6603105068206787,803.0848388671875,3.117750883102417,0.5755943655967712,16.728830337524414,4.364727973937988,305.7882385253906,531.3555297851562,149.15628051757812,357.14642333984375,1.9461572170257568,1.99616277217865,586.008544921875,416.016357421875,1.9898184537887573,7.431215286254883,377.0975341796875,528.3402099609375,451.262939453125,17.155933380126953,17.33892822265625,81.23493957519531,951.8522338867188,9.704587936401367,16.670087814331055,98.74209594726562,1.2353012561798096,3.216155767440796,300.029541015625,252.73556518554688,1.800276517868042,553.9027099609375,929.8118896484375,38.625038146972656,1.8310198783874512,1.132696270942688
1.7102695,16.139591,1.8996367,697.56445,114.08807,526.758,0.87217593,2.3544068,22.828856,1.477675,2.230777,16.66072,4.4820433,228.92207,5.0105677,491.9694,NA,513.14453,2.8837724,269.31998,222.3407,4.0164814,114.65093,NA,439.82416,294.4496,610.06915,221.09508,138.56592,5.3348927,430.32492,27.075882,14.483169,11.613507,5.401819,87.01214,1.6479586,309.33472,2.2977755,310.56274,3.4674783,63.763653,6.1118903,1.7794808,2.6845744,28.972498,15.3739195,11.921992,7.913168,41.62499,888.5992,259.65524,58.560173,16.66072,25.231478,30.396133,0.25278303,514.41205,26.647394,1.703617,261.74393,204.91281,294.4496,437.34915,2.3591971,3.912137,461.11194,826.3775,3.044331
9.707836,8.717425,4.2034836,609.928,637.983,9.239811,2.1956604,341.19208,15.410677,0.7144255,3.9669802,15.261007,114.1407,692.7986,19.860014,6.2323556,1.8736346,454.03748,14.440695,15.659715,1068.8479,2.3260133,59.975574,NA,248.95294,5.624199,354.9792,6.798993,1.829806,444.89978,1134.9192,17.649977,28.485931,7.003982,504.9773,1.0942067,156.07787,349.54807,9.9664955,32.746166,298.6578,69.11498,3.797362,0.829187,10.294418,3.8256466,9.774029,26.42287,4.4221334,2.4320443,23.974888,11.836692,9.739387,15.261007,50.094288,725.20337,398.96545,6.4861765,188.17964,0.44785726,3.890399,257.6963,5.624199,3.0525422,85.21528,22.256231,4.180555,437.1097,2.077238
2.7568178176879883,658.885498046875,5.647248268127441,697.01025390625,5.896648406982422,13.45444393157959,2.333570718765259,7.854197025299072,1060.507080078125,1.007167100906372,2.661086082458496,349.61383056640625,4.596404075622559,9.720002174377441,125.4515151977539,22.136730194091797,2.8312246799468994,555.6926879882812,6.404982566833496,50.44866180419922,699.1231689453125,3.2658557891845703,706.233642578125,735.5740356445312,359.1043395996094,6.380788326263428,704.62841796875,143.1064910888672,809.2400512695312,62.41437911987305,878.9066162109375,791.8118896484375,111.85128784179688,334.1057434082031,6.731466293334961,4.8383307456970215,0.9591509103775024,888.9741821289062,12.300838470458984,6.232320785522461,3.9734015464782715,149.41885375976562,592.4927978515625,1.5468298196792603,600.791015625,133.16065979003906,6.845920085906982,20.56842803955078,4.853994369506836,531.662353515625,106.9133529663086,10.33310317993164,351.6356201171875,349.61383056640625,595.3968505859375,404.7684020996094,1.2360161542892456,6.396938800811768,12.758997917175293,1.8216633796691895,134.2524871826172,36.85218048095703,6.380788326263428,1.6110337972640991,1.3649669885635376,2.2853705883026123,552.0250854492188,1.5234017372131348,1.584207534790039
2.196603298187256,659.3052978515625,12.693512916564941,3.1921770572662354,20.778478622436523,10.942103385925293,2.754478931427002,1044.1536865234375,38.14332580566406,0.447785884141922,3.0730748176574707,7.255423069000244,831.8699951171875,14.188448905944824,8.091480255126953,5.184978008270264,1.662636160850525,772.413330078125,2.047264575958252,4.471479415893555,364.9440002441406,862.0621337890625,571.8763427734375,4.301877021789551,6.083275318145752,3.386929988861084,860.4337768554688,457.13409423828125,49.731876373291016,533.8148803710938,0.6321293711662292,513.12353515625,36.54698181152344,34.995174407958984,687.77490234375,5.830310821533203,0.8349395990371704,13.134491920471191,8.387005805969238,290.6639099121094,4.182642936706543,82.2939224243164,474.83746337890625,4.170167922973633,380.0592041015625,841.0109252929688,11.063423156738281,467.79962158203125,854.1243896484375,2.002120018005371,37.24723815917969,7.277068614959717,560.3753051757812,7.255423069000244,556.5513305664062,155.22964477539062,1.246228814125061,12.008134841918945,701.0693359375,1.579087495803833,107.65267944335938,36.216087341308594,3.386929988861084,3.78670072555542,1.1224696636199951,2.2334604263305664,810.3543090820312,1.8620978593826294,3.4405295848846436
8.814833641052246,4.302483081817627,6.043537616729736,728.2107543945312,132.44320678710938,657.7763061523438,459.77349853515625,3.7182183265686035,301.3297424316406,393.47552490234375,4.562190532684326,2.874271869659424,274.117431640625,39.13806915283203,19.42581558227539,13.69102668762207,1.8805632591247559,995.692626953125,105.79462432861328,9.1442232131958,986.3456420898438,2.4632656574249268,792.9283447265625,2.6559743881225586,226.1031036376953,111.49095153808594,905.9652709960938,10.13302230834961,4.610009670257568,41.86043930053711,1168.4688720703125,847.5498657226562,62.73143005371094,695.5758666992188,487.02105712890625,640.43896484375,0.6341493129730225,695.6433715820312,7.551915645599365,14.88095474243164,3.072089195251465,15.21877670288086,2.759038209915161,484.1915588378906,587.5777587890625,153.00656127929688,188.51058959960938,24.08824920654297,2.9936797618865967,3.6495304107666016,3.8959848880767822,752.9413452148438,368.0303649902344,2.874271869659424,24.65650177001953,542.7890014648438,2.148338556289673,5.570812225341797,28.792083740234375,422.4886779785156,1.9614708423614502,8.347941398620605,111.49095153808594,1.8973026275634766,592.7447509765625,1174.0672607421875,12.929902076721191,5.459039211273193,1.7102289199829102
11.332441,47.437855,10.906152,6.137652,15.882049,37.473595,574.2535,334.24048,690.1018,3.6405127,2.2146318,113.86254,10.660624,915.4334,14.565478,20.464544,3.8947518,6.9213634,1.1006184,69.21942,803.5459,171.41818,942.3662,4.0246477,53.56023,92.45234,384.84744,78.47736,795.78076,3.5703423,958.10223,48.611057,63.82852,682.8191,3.7663033,640.1512,80.1914,767.3584,443.59372,39.350098,1.195167,38.489925,1.87214,1.5383359,7.544589,4.9124975,379.49814,31.121212,241.27344,6.4566755,214.41089,5.366091,4.60638,113.86254,3.892269,216.49408,2.2899227,316.26355,1022.19995,4.8252974,NA,128.94131,92.45234,4.3833795,606.5943,2.5773804,98.906525,846.3558,2.225077
1.854462,8.697719,468.5341,826.8883,38.375217,16.872982,5.9113426,3.0883238,10.279874,24.301302,740.8491,16.963734,395.5181,27.142105,15.820795,23.163336,757.2641,401.15237,367.19394,56.235596,431.81583,233.11078,41.21383,NA,120.030975,86.134514,1028.5564,8.948673,7.807327,2.6018322,918.52124,48.537247,54.75039,34.843952,396.6033,4.819443,1.3663534,5.043967,7.7150173,4.272728,960.9944,223.78244,2.1561785,498.7473,500.55185,3.461538,719.7904,70.86258,15.194969,80.39455,346.72595,3.8939543,3.6429818,16.963734,528.44415,5.5680175,3.0269237,9.789671,13.061005,1.7440591,2.8958921,132.60062,86.134514,796.2567,2.0759718,3.2304351,11.983087,2.8917618,4.749614
2.7705505,54.243702,2.1978807,6.778089,6.1605263,80.14673,3.6586332,687.18604,9.9342,152.0127,569.49316,69.958046,7.3311553,2.4569352,32.77165,9.15137,160.30373,555.2857,9.645406,7.0535808,825.0881,3.406492,9.584756,NA,90.04029,226.1663,681.6656,10.1718645,798.2723,3.3207133,851.7146,30.19621,6.979427,20.43877,72.31239,521.00653,1.2044431,399.8873,626.14935,5.119626,5.2941813,123.49977,2.5372736,2.4226017,2.8344514,4.1818805,260.5688,454.8801,2.8291378,616.7885,377.4205,6.4075046,26.441021,69.958046,41.22591,5.7861705,10.325402,530.189,71.93006,809.471,4.386292,1057.5471,226.1663,203.69794,388.53387,86.42147,348.06943,7.3138003,1.882817
7.557062149047852,430.7897644042969,563.83935546875,916.9619750976562,9.66511344909668,725.6543579101562,3.750227212905884,727.5040283203125,665.742431640625,603.0642700195312,66.44449615478516,14.1256103515625,3.388761520385742,277.0899963378906,13.140714645385742,544.5748291015625,247.69297790527344,544.674560546875,1.8448954820632935,1.5877727270126343,805.908203125,620.0585327148438,45.695613861083984,1.424933910369873,356.6372375488281,11.68004322052002,313.9245910644531,5.108467102050781,314.8840637207031,312.2495422363281,1.9778094291687012,727.0493774414062,766.41357421875,6.266741752624512,385.41656494140625,2.62748122215271,1.398790955543518,19.45442008972168,9.341286659240723,74.04232025146484,2.229278802871704,19.48128890991211,147.16773986816406,3.0974228382110596,153.08827209472656,601.4851684570312,11.506095886230469,9.307382583618164,3.609550714492798,3.1908273696899414,173.6621856689453,105.07737731933594,9.829036712646484,14.1256103515625,403.5304870605469,13.946064949035645,1.9758877754211426,1000.312255859375,4.510744094848633,3.1295111179351807,2.5964083671569824,197.4308319091797,11.68004322052002,213.08868408203125,243.8369140625,4.754029273986816,139.14739990234375,528.1704711914062,1.739492416381836
3.7447121143341064,7.881374359130859,2.856323719024658,674.2559204101562,9.617476463317871,4.442150115966797,7.918031215667725,2.4575021266937256,116.95487213134766,734.5315551757812,1050.7823486328125,255.53280639648438,3.870023250579834,40.22373962402344,117.99688720703125,8.291831016540527,8.22027587890625,5.343875885009766,80.64025115966797,212.33741760253906,828.2753295898438,91.97244262695312,717.1513061523438,1.672247052192688,11.03225326538086,31.635332107543945,15.684725761413574,3.593427896499634,301.98193359375,513.6077880859375,835.3856811523438,45.525917053222656,582.8744506835938,9.723917007446289,113.66819763183594,129.89414978027344,346.7543640136719,573.435791015625,627.5548706054688,28.714662551879883,3.064197063446045,900.6547241210938,797.948486328125,4.849939823150635,753.899658203125,355.6372985839844,478.8635559082031,70.44096374511719,4.941121578216553,1.5984101295471191,832.7290649414062,63.33845901489258,9.428339004516602,255.53280639648438,50.804256439208984,267.73175048828125,2.193164825439453,2.5904321670532227,9.131417274475098,7.310033321380615,2.6320738792419434,412.1289978027344,31.635332107543945,2.96122670173645,2.3582398891448975,2.2585771083831787,751.3794555664062,413.6611328125,1.9076976776123047
3.593093,661.708,5.8811135,490.78082,10.389558,3.327804,20.714846,135.81657,1.2607512,709.30774,3.607149,43.66441,4.8357115,4.232214,3.3464909,4.7603364,795.9197,31.205309,1.209213,152.83453,838.80457,108.41985,458.282,NA,480.07806,2.6823802,7.4264107,9.281418,847.82605,249.86014,800.77795,28.918247,4.074676,10.182489,1.071908,221.45596,1.7696486,336.24606,593.311,17.322418,448.42667,451.28317,528.2872,631.18665,709.1872,8.655234,76.69476,1100.7592,347.18936,4.5097985,841.6906,103.21304,7.036162,43.66441,395.58762,10.787309,3.6698513,9.590985,13.35309,0.40336987,723.56696,851.9379,2.6823802,8.219267,766.34595,6.736259,148.0133,590.8046,1.7869295
475.6374206542969,7.768954277038574,1.6014366149902344,475.7923583984375,1057.7445068359375,12.624687194824219,2.538513422012329,31.966215133666992,776.80224609375,7.333649158477783,3.2865943908691406,32.06619644165039,862.87890625,1.6929556131362915,62.10011672973633,23.463930130004883,22.424306869506836,3.851285934448242,3.2344720363616943,2.546084403991699,277.82781982421875,10.393585205078125,21.254249572753906,1.1955655813217163,5.0038652420043945,94.45491027832031,90.7995834350586,4.894759654998779,895.2721557617188,373.4147033691406,566.8369140625,617.75146484375,268.8836364746094,12.708253860473633,1.1839194297790527,928.3291625976562,4.162485599517822,14.606937408447266,663.2391967773438,11.472442626953125,617.0468139648438,2.35010027885437,714.1126708984375,0.4943036139011383,687.2024536132812,1303.129150390625,426.3542175292969,41.25598907470703,7.949586391448975,1.9631417989730835,661.9031372070312,159.08949279785156,535.5205688476562,32.06619644165039,3.984269142150879,155.66159057617188,2.1371665000915527,297.9510803222656,692.2146606445312,0.34415239095687866,700.765380859375,612.7312622070312,94.45491027832031,428.0207824707031,515.0819702148438,4.645601272583008,110.01493072509766,449.7701416015625,215.98001098632812
1.6690442562103271,710.7234497070312,66.50296020507812,10.201879501342773,1057.7628173828125,2.1259634494781494,2.4052882194519043,2.95542573928833,3.6371090412139893,11.147298812866211,635.5504150390625,4.452422142028809,2.321256160736084,18.796234130859375,285.2666320800781,8.55653190612793,1023.9237670898438,749.6367797851562,1.6953710317611694,4.920406341552734,229.321044921875,2.6491546630859375,42.20899963378906,0.46748271584510803,14.326342582702637,2.0522568225860596,8.085186004638672,594.6591796875,2.779379367828369,325.63031005859375,1000.6499633789062,7.121446132659912,551.7584838867188,20.309423446655273,605.152099609375,219.6663055419922,9.60250186920166,10.814420700073242,293.3064880371094,8.309548377990723,761.4653930664062,2.560394048690796,10.386155128479004,191.88006591796875,443.8257751464844,7.578950881958008,9.064018249511719,20.375429153442383,482.15753173828125,903.3417358398438,378.2763366699219,225.5410919189453,911.8370361328125,4.452422142028809,564.43798828125,12.134775161743164,1.7028465270996094,18.8509464263916,66.46786499023438,1.2710744142532349,1.6264262199401855,364.72491455078125,2.0522568225860596,5.97649621963501,2.2296125888824463,6.702503681182861,1010.5236206054688,351.0618591308594,2.4725911617279053
3.1532671,4.2137265,5.7969947,903.8785,8.444341,9.8938055,4.203422,392.21127,71.72873,785.81415,8.035274,460.29718,298.98672,15.609948,558.60876,219.48372,9.343338,400.61713,1.385882,4.936714,612.3142,734.1203,24.440788,NA,10.541518,549.1163,4.7682276,115.75759,848.8008,44.345966,36.62495,374.2921,31.284632,9.335097,325.9844,1.839387,1.3644682,154.65793,10.193755,502.40707,4.587453,2.3545628,404.67307,588.4669,857.2952,5.6656456,14.699414,5.420389,5.0290494,138.68077,426.4197,580.94916,17.311049,460.29718,747.97015,208.98022,4.291616,267.87482,6.5628715,2.1765308,146.14651,985.28925,549.1163,3.328392,185.02193,418.89276,767.74774,1.6882062,1.1514001
28.071914672851562,2.89029860496521,19.424945831298828,12.77795124053955,361.1395568847656,12.391327857971191,3.5406861305236816,3.0938563346862793,261.6817321777344,218.84373474121094,597.5130004882812,12.580639839172363,7.820698261260986,7.1336140632629395,22.647127151489258,314.7100524902344,984.2057495117188,285.5560302734375,1.7375125885009766,7.258644104003906,35.16259002685547,5.8356804847717285,678.4133911132812,318.8086853027344,276.4872741699219,4.311472415924072,9.572017669677734,446.64312744140625,2.829704523086548,16.538110733032227,745.8787231445312,12.154153823852539,315.8243713378906,4.0134124755859375,455.5209655761719,3.0661892890930176,1.0421340465545654,11.026215553283691,874.3515014648438,1022.2355346679688,3.7176501750946045,635.0816040039062,2.790107011795044,2.463836431503296,145.0880889892578,457.8665466308594,492.7303161621094,29.718095779418945,552.5225219726562,1.0711983442306519,719.90380859375,22.207149505615234,714.9395751953125,12.580639839172363,2.839568614959717,2.691377639770508,3.4582173824310303,541.500244140625,308.9796142578125,2.38253116607666,210.08106994628906,274.128173828125,4.311472415924072,588.1701049804688,895.2435913085938,4.028952121734619,32.47639846801758,293.2189025878906,469.0305480957031
1.3028338,446.1813,0.99340415,938.0921,5.1135144,11.914588,2.4022126,84.537025,665.47577,621.8399,8.084714,459.96512,773.7978,1.4917843,14.60833,5.3557763,127.85731,5.0789776,3.3463385,1011.1091,211.17584,644.316,682.77277,NA,277.2212,259.78082,7.8501797,344.69138,7.4869523,19.228325,150.78307,230.62054,20.780418,5.905656,716.5357,2.4187124,1.2020236,0.6186028,778.687,6.2275443,11.505294,3.0644968,6.200395,1.4148502,119.39206,796.31305,15.935847,19.102333,5.367601,1.6214154,993.73016,570.29895,1036.1056,459.96512,730.2309,339.43088,1.5917948,628.03314,38.425304,2.3709772,208.20035,393.20477,259.78082,4.952345,727.99713,859.37036,5.478911,2.099974,537.6363
2.0080864429473877,991.697021484375,2.383894205093384,943.5205078125,7.481670379638672,1095.58984375,5.46929407119751,2.3892838954925537,272.56976318359375,706.6790771484375,356.85760498046875,9.649696350097656,2.5050461292266846,5.286811351776123,818.179931640625,51.27851104736328,668.0393676757812,472.2111511230469,2.0143051147460938,479.81683349609375,284.4242248535156,28.602367401123047,925.1866455078125,1.2768405675888062,9.115523338317871,110.2552719116211,8.572392463684082,9.636040687561035,291.74700927734375,5.2524309158325195,824.6687622070312,61.6416015625,135.71131896972656,26.972620010375977,35.92225646972656,314.6063537597656,660.7518310546875,2.833279848098755,365.5921936035156,267.09100341796875,4.838021278381348,15.542034149169922,669.065673828125,2.867311477661133,442.9997863769531,1.9607242345809937,10.593854904174805,7.605878829956055,823.5722045898438,4.13604736328125,349.31195068359375,12.018016815185547,58.74763870239258,9.649696350097656,27.482501983642578,942.4286499023438,6.244232177734375,8.3466157913208,744.8237915039062,1.8723527193069458,600.0908203125,979.4678344726562,110.2552719116211,8.58915901184082,3.0960330963134766,990.6803588867188,198.87222290039062,3.707218647003174,11.798943519592285
